{
  "id": "",
  "name": "",
  "font_family": "iconfont",
  "css_prefix_text": "icon-",
  "description": "",
  "glyphs": [
    {
      "icon_id": "1368605",
      "name": "photo",
      "font_class": "photo",
      "unicode": "e612",
      "unicode_decimal": 58898
    },
    {
      "icon_id": "4766685",
      "name": "home",
      "font_class": "home",
      "unicode": "e7c6",
      "unicode_decimal": 59334
    },
    {
      "icon_id": "4893457",
      "name": "照片Photo",
      "font_class": "zhaopianPhoto",
      "unicode": "e668",
      "unicode_decimal": 58984
    },
    {
      "icon_id": "4936656",
      "name": "home-fill",
      "font_class": "home-fill",
      "unicode": "e867",
      "unicode_decimal": 59495
    },
    {
      "icon_id": "5466065",
      "name": "photo",
      "font_class": "photo1",
      "unicode": "e725",
      "unicode_decimal": 59173
    },
    {
      "icon_id": "9785591",
      "name": "cube",
      "font_class": "cube",
      "unicode": "e64d",
      "unicode_decimal": 58957
    },
    {
      "icon_id": "16618569",
      "name": "me",
      "font_class": "me",
      "unicode": "e6b1",
      "unicode_decimal": 59057
    }
  ]
}
